<?xml version="1.0" encoding="UTF-8" standalone="no"?><TaskList Version="2.0"><Task Active="false" ConnectorKind="local" CreationDate="2010-11-27 17:03:49.536 CET" DueDate="" EndDate="2010-11-30 21:36:10.588 CET" Estimated="0" Handle="local-71" IssueURL="" Kind="task" Label="matériau uniforme violacé avec specular et lumière" LastModified="now" MarkReadPending="false" ModificationDate="" Notes="" NotifiedIncoming="true" Owner="local" Priority="P3" Reminded="false" RepositoryUrl="local" ScheduledEndDate="2010-11-28 23:59:59.999 CET" ScheduledStartDate="2010-11-22 00:00:00.0 CET" Stale="false" TaskId="71" offlineSyncState="SYNCHRONIZED"/><Task Active="false" ConnectorKind="local" CreationDate="2010-11-07 13:39:55.417 CET" DueDate="" EndDate="2010-11-08 00:49:44.513 CET" Estimated="0" Handle="local-6" IssueURL="" Kind="task" Label="child activities" LastModified="now" MarkReadPending="false" ModificationDate="" Notes="" NotifiedIncoming="true" Owner="local" Priority="P3" Reminded="false" RepositoryUrl="local" ScheduledEndDate="2010-11-07 23:59:59.999 CET" ScheduledStartDate="2010-11-01 00:00:00.0 CET" Stale="false" TaskId="6" offlineSyncState="SYNCHRONIZED"/><Task Active="false" ConnectorKind="local" CreationDate="2010-11-10 02:53:28.437 CET" DueDate="" EndDate="2010-11-24 02:46:12.595 CET" Estimated="0" Handle="local-19" IssueURL="" Kind="task" Label="Listeners pour maj depuis managers " LastModified="now" MarkReadPending="false" ModificationDate="" Notes="" NotifiedIncoming="true" Owner="local" Priority="P3" Reminded="false" RepositoryUrl="local" ScheduledEndDate="2010-11-14 23:59:59.999 CET" ScheduledStartDate="2010-11-08 00:00:00.0 CET" Stale="false" TaskId="19" offlineSyncState="SYNCHRONIZED"/><Task Active="false" ConnectorKind="local" CreationDate="2010-11-10 02:50:52.964 CET" DueDate="" EndDate="" Estimated="0" Handle="local-16" IssueURL="" Kind="task" Label="save and open file to disk" LastModified="now" MarkReadPending="false" ModificationDate="" Notes="from web, samples or disk" NotifiedIncoming="true" Owner="local" Priority="P3" Reminded="false" RepositoryUrl="local" ScheduledEndDate="2010-11-14 23:59:59.999 CET" ScheduledStartDate="2010-11-08 00:00:00.0 CET" Stale="false" TaskId="16" offlineSyncState="SYNCHRONIZED"/><Task Active="false" ConnectorKind="local" CreationDate="2010-11-27 17:00:41.105 CET" DueDate="" EndDate="" Estimated="0" Handle="local-67" IssueURL="" Kind="task" Label="peinture dans texture avec U-V et pas couleur au point" LastModified="now" MarkReadPending="false" ModificationDate="" Notes="" NotifiedIncoming="true" Owner="local" Priority="P3" Reminded="false" RepositoryUrl="local" ScheduledEndDate="2010-11-28 23:59:59.999 CET" ScheduledStartDate="2010-11-22 00:00:00.0 CET" Stale="false" TaskId="67" offlineSyncState="SYNCHRONIZED"/><Task Active="false" ConnectorKind="local" CreationDate="2010-11-07 14:44:45.348 CET" DueDate="" EndDate="" Estimated="0" Handle="local-11" IssueURL="" Kind="task" Label="Utilisation du multitouch pour les mouvements de camera autre que sculpture" LastModified="now" MarkReadPending="false" ModificationDate="" Notes="" NotifiedIncoming="true" Owner="local" Priority="P3" Reminded="false" RepositoryUrl="local" ScheduledEndDate="2010-11-07 23:59:59.999 CET" ScheduledStartDate="2010-11-01 00:00:00.0 CET" Stale="false" TaskId="11" offlineSyncState="SYNCHRONIZED"/><Task Active="false" ConnectorKind="local" CreationDate="2010-11-24 01:21:21.302 CET" DueDate="" EndDate="" Estimated="0" Handle="local-58" IssueURL="" Kind="task" Label="bouton calibrate pou sensors magnétique (set orig)" LastModified="now" MarkReadPending="false" ModificationDate="" Notes="" NotifiedIncoming="true" Owner="local" Priority="P3" Reminded="false" RepositoryUrl="local" ScheduledEndDate="2010-11-28 23:59:59.999 CET" ScheduledStartDate="2010-11-22 00:00:00.0 CET" Stale="false" TaskId="58" offlineSyncState="SYNCHRONIZED"/><Task Active="false" ConnectorKind="local" CreationDate="2010-11-15 00:05:48.491 CET" DueDate="" EndDate="2010-11-24 02:46:43.810 CET" Estimated="0" Handle="local-32" IssueURL="" Kind="task" Label="generation de sphere par defaut par decomposition d'un isodocahedron" LastModified="now" MarkReadPending="false" ModificationDate="" Notes="" NotifiedIncoming="true" Owner="local" Priority="P3" Reminded="false" RepositoryUrl="local" ScheduledEndDate="2010-11-21 23:59:59.999 CET" ScheduledStartDate="2010-11-15 00:00:00.0 CET" Stale="false" TaskId="32" offlineSyncState="SYNCHRONIZED"/><Task Active="false" ConnectorKind="local" CreationDate="2010-11-15 19:51:56.966 CET" DueDate="" EndDate="2010-11-24 02:45:42.20 CET" Estimated="0" Handle="local-35" IssueURL="" Kind="task" Label="affichage des fps / render duration in ms si pas continu" LastModified="now" MarkReadPending="false" ModificationDate="" Notes="" NotifiedIncoming="true" Owner="local" Priority="P3" Reminded="false" RepositoryUrl="local" ScheduledEndDate="2010-11-21 23:59:59.999 CET" ScheduledStartDate="2010-11-15 00:00:00.0 CET" Stale="false" TaskId="35" offlineSyncState="SYNCHRONIZED"/><Task Active="false" ConnectorKind="local" CreationDate="2010-12-23 18:02:19.111 CET" DueDate="" EndDate="" Estimated="0" Handle="local-126" IssueURL="" Kind="task" Label="Utiliser le système de logbook d'android pour meilleur reporting" LastModified="now" MarkReadPending="false" ModificationDate="" Notes="" NotifiedIncoming="true" Owner="local" Priority="P3" Reminded="false" RepositoryUrl="local" ScheduledEndDate="2010-12-26 23:59:59.999 CET" ScheduledStartDate="2010-12-20 00:00:00.0 CET" Stale="false" TaskId="126" offlineSyncState="SYNCHRONIZED"/><Task Active="false" ConnectorKind="local" CreationDate="2010-12-20 19:33:41.223 CET" DueDate="" EndDate="" Estimated="0" Handle="local-107" IssueURL="" Kind="task" Label="intégrer google analytics" LastModified="now" MarkReadPending="false" ModificationDate="" Notes="" NotifiedIncoming="true" Owner="local" Priority="P3" Reminded="false" RepositoryUrl="local" ScheduledEndDate="2010-12-26 23:59:59.999 CET" ScheduledStartDate="2010-12-20 00:00:00.0 CET" Stale="false" TaskId="107" offlineSyncState="SYNCHRONIZED"/><Task Active="false" ConnectorKind="local" CreationDate="2010-12-23 13:02:28.994 CET" DueDate="" EndDate="" Estimated="0" Handle="local-119" IssueURL="" Kind="task" Label="Dialog de save et open avec integration choose/publish au site web (webmanager)" LastModified="now" MarkReadPending="false" ModificationDate="" Notes="" NotifiedIncoming="true" Owner="local" Priority="P3" Reminded="false" RepositoryUrl="local" ScheduledEndDate="2010-12-26 23:59:59.999 CET" ScheduledStartDate="2010-12-20 00:00:00.0 CET" Stale="false" TaskId="119" offlineSyncState="SYNCHRONIZED"/><Task Active="false" ConnectorKind="local" CreationDate="2010-11-14 23:44:58.463 CET" DueDate="" EndDate="" Estimated="0" Handle="local-31" IssueURL="" Kind="task" Label="Pouvoir sauver des zones pour  des tampons et pouvoir tamponner (couleur et forme)" LastModified="now" MarkReadPending="false" ModificationDate="" Notes="" NotifiedIncoming="true" Owner="local" Priority="P3" Reminded="false" RepositoryUrl="local" ScheduledEndDate="2010-11-14 23:59:59.999 CET" ScheduledStartDate="2010-11-08 00:00:00.0 CET" Stale="false" TaskId="31" offlineSyncState="SYNCHRONIZED"/><Task Active="false" ConnectorKind="local" CreationDate="2010-11-10 02:53:47.883 CET" DueDate="" EndDate="" Estimated="0" Handle="local-20" IssueURL="" Kind="task" Label="Liste des actions possible pour autres participants" LastModified="now" MarkReadPending="false" ModificationDate="" Notes="doc, &#13;&#10;traductions,&#13;&#10;graphisme, icones,&#13;&#10;samples&#13;&#10;debug&#13;&#10;features, ergonomie" NotifiedIncoming="true" Owner="local" Priority="P3" Reminded="false" RepositoryUrl="local" ScheduledEndDate="2010-11-14 23:59:59.999 CET" ScheduledStartDate="2010-11-08 00:00:00.0 CET" Stale="false" TaskId="20" offlineSyncState="SYNCHRONIZED"/><Task Active="false" ConnectorKind="local" CreationDate="2010-12-01 20:59:23.16 CET" DueDate="" EndDate="" Estimated="0" Handle="local-87" IssueURL="" Kind="task" Label="rajouter pub adsense et version payante sans pub" LastModified="now" MarkReadPending="false" ModificationDate="" Notes="" NotifiedIncoming="true" Owner="local" Priority="P3" Reminded="false" RepositoryUrl="local" ScheduledEndDate="2010-12-05 23:59:59.999 CET" ScheduledStartDate="2010-11-29 00:00:00.0 CET" Stale="false" TaskId="87" offlineSyncState="SYNCHRONIZED"/><Task Active="false" ConnectorKind="local" CreationDate="2010-12-22 23:37:49.431 CET" DueDate="" EndDate="" Estimated="0" Handle="local-112" IssueURL="" Kind="task" Label="Utiliser le tap tap dans coins pour action spécial" LastModified="now" MarkReadPending="false" ModificationDate="" Notes="" NotifiedIncoming="true" Owner="local" Priority="P3" Reminded="false" RepositoryUrl="local" ScheduledEndDate="2010-12-26 23:59:59.999 CET" ScheduledStartDate="2010-12-20 00:00:00.0 CET" Stale="false" TaskId="112" offlineSyncState="SYNCHRONIZED"/><Task Active="false" ConnectorKind="local" CreationDate="2010-11-10 02:48:51.719 CET" DueDate="" EndDate="2010-11-24 02:46:03.605 CET" Estimated="0" Handle="local-14" IssueURL="" Kind="task" Label="Tesselation correcte d'une sphere par delaunay ou sous découpage recursif de formes géométriques" LastModified="now" MarkReadPending="false" ModificationDate="" Notes="" NotifiedIncoming="true" Owner="local" Priority="P3" Reminded="false" RepositoryUrl="local" ScheduledEndDate="2010-11-14 23:59:59.999 CET" ScheduledStartDate="2010-11-08 00:00:00.0 CET" Stale="false" TaskId="14" offlineSyncState="SYNCHRONIZED"/><Task Active="false" ConnectorKind="local" CreationDate="2010-11-27 17:36:15.940 CET" DueDate="" EndDate="" Estimated="0" Handle="local-72" IssueURL="" Kind="task" Label="rendre tous les textes traductibles dans les ressources" LastModified="now" MarkReadPending="false" ModificationDate="" Notes="" NotifiedIncoming="true" Owner="local" Priority="P3" Reminded="false" RepositoryUrl="local" ScheduledEndDate="2010-11-28 23:59:59.999 CET" ScheduledStartDate="2010-11-22 00:00:00.0 CET" Stale="false" TaskId="72" offlineSyncState="SYNCHRONIZED"/><Task Active="false" ConnectorKind="local" CreationDate="2010-11-19 00:10:25.736 CET" DueDate="" EndDate="2010-12-01 20:59:14.667 CET" Estimated="0" Handle="local-51" IssueURL="" Kind="task" Label="lighting avec spot sur camera, texturing" LastModified="now" MarkReadPending="false" ModificationDate="" Notes="" NotifiedIncoming="true" Owner="local" Priority="P3" Reminded="false" RepositoryUrl="local" ScheduledEndDate="2010-11-21 23:59:59.999 CET" ScheduledStartDate="2010-11-15 00:00:00.0 CET" Stale="false" TaskId="51" offlineSyncState="SYNCHRONIZED"/><Task Active="false" ConnectorKind="local" CreationDate="2010-12-01 21:13:11.240 CET" DueDate="" EndDate="" Estimated="0" Handle="local-90" IssueURL="" Kind="task" Label="gerer la rotation correcte de l'écran" LastModified="now" MarkReadPending="false" ModificationDate="" Notes="" NotifiedIncoming="true" Owner="local" Priority="P3" Reminded="false" RepositoryUrl="local" ScheduledEndDate="2010-12-05 23:59:59.999 CET" ScheduledStartDate="2010-11-29 00:00:00.0 CET" Stale="false" TaskId="90" offlineSyncState="SYNCHRONIZED"/><Task Active="false" ConnectorKind="local" CreationDate="2010-11-07 13:40:04.587 CET" DueDate="" EndDate="2010-11-08 00:49:50.194 CET" Estimated="0" Handle="local-7" IssueURL="" Kind="task" Label="raw ressources" LastModified="now" MarkReadPending="false" ModificationDate="" Notes="" NotifiedIncoming="true" Owner="local" Priority="P3" Reminded="false" RepositoryUrl="local" ScheduledEndDate="2010-11-07 23:59:59.999 CET" ScheduledStartDate="2010-11-01 00:00:00.0 CET" Stale="false" TaskId="7" offlineSyncState="SYNCHRONIZED"/><Task Active="false" ConnectorKind="local" CreationDate="2010-11-30 20:05:04.118 CET" DueDate="" EndDate="2010-12-23 18:01:19.755 CET" Estimated="0" Handle="local-86" IssueURL="" Kind="task" Label="pouvoir mettre les captures d'écran en fond d'écran" LastModified="now" MarkReadPending="false" ModificationDate="" Notes="" NotifiedIncoming="true" Owner="local" Priority="P3" Reminded="false" RepositoryUrl="local" ScheduledEndDate="2010-12-05 23:59:59.999 CET" ScheduledStartDate="2010-11-29 00:00:00.0 CET" Stale="false" TaskId="86" offlineSyncState="SYNCHRONIZED"/><Task Active="false" ConnectorKind="local" CreationDate="2010-11-15 19:57:28.405 CET" DueDate="" EndDate="2010-11-24 02:46:47.995 CET" Estimated="0" Handle="local-36" IssueURL="" Kind="task" Label="afficher repère opengl" LastModified="now" MarkReadPending="false" ModificationDate="" Notes="" NotifiedIncoming="true" Owner="local" Priority="P3" Reminded="false" RepositoryUrl="local" ScheduledEndDate="2010-11-21 23:59:59.999 CET" ScheduledStartDate="2010-11-15 00:00:00.0 CET" Stale="false" TaskId="36" offlineSyncState="SYNCHRONIZED"/><Task Active="false" ConnectorKind="local" CreationDate="2010-11-24 01:16:48.801 CET" DueDate="" EndDate="" Estimated="0" Handle="local-57" IssueURL="" Kind="task" Label="gerer les interactions cumulatives entre sensors et touch" LastModified="now" MarkReadPending="false" ModificationDate="" Notes="" NotifiedIncoming="true" Owner="local" Priority="P3" Reminded="false" RepositoryUrl="local" ScheduledEndDate="2010-11-28 23:59:59.999 CET" ScheduledStartDate="2010-11-22 00:00:00.0 CET" Stale="false" TaskId="57" offlineSyncState="SYNCHRONIZED"/><Task Active="false" ConnectorKind="local" CreationDate="2010-11-29 00:18:59.396 CET" DueDate="" EndDate="" Estimated="0" Handle="local-79" IssueURL="" Kind="task" Label="faire un pick color pour setter la couleur à partir de la 3D" LastModified="now" MarkReadPending="false" ModificationDate="" Notes="" NotifiedIncoming="true" Owner="local" Priority="P3" Reminded="false" RepositoryUrl="local" ScheduledEndDate="2010-12-05 23:59:59.999 CET" ScheduledStartDate="2010-11-29 00:00:00.0 CET" Stale="false" TaskId="79" offlineSyncState="SYNCHRONIZED"/><Task Active="false" ConnectorKind="local" CreationDate="2010-11-16 22:37:29.646 CET" DueDate="" EndDate="2010-11-24 02:47:03.515 CET" Estimated="0" Handle="local-42" IssueURL="" Kind="task" Label="Delayer la construction du mesh initial (paramétrable) après la construction des fenêtres" LastModified="now" MarkReadPending="false" ModificationDate="" Notes="" NotifiedIncoming="true" Owner="local" Priority="P3" Reminded="false" RepositoryUrl="local" ScheduledEndDate="2010-11-21 23:59:59.999 CET" ScheduledStartDate="2010-11-15 00:00:00.0 CET" Stale="false" TaskId="42" offlineSyncState="SYNCHRONIZED"/><Task Active="false" ConnectorKind="local" CreationDate="2010-11-14 22:26:55.377 CET" DueDate="" EndDate="" Estimated="0" Handle="local-26" IssueURL="" Kind="task" Label="Beta temps limité, pas de pub si don ?" LastModified="now" MarkReadPending="false" ModificationDate="" Notes="upgrade forcé si new version et après date (connection réseau dispo)" NotifiedIncoming="true" Owner="local" Priority="P3" Reminded="false" RepositoryUrl="local" ScheduledEndDate="2010-11-14 23:59:59.999 CET" ScheduledStartDate="2010-11-08 00:00:00.0 CET" Stale="false" TaskId="26" offlineSyncState="SYNCHRONIZED"/><Task Active="false" ConnectorKind="local" CreationDate="2010-12-07 21:53:04.504 CET" DueDate="" EndDate="" Estimated="0" Handle="local-106" IssueURL="" Kind="task" Label="pondérer le calcul de la normale par le sinus de l'angle de la face, sommer les normales, puis normaliser" LastModified="now" MarkReadPending="false" ModificationDate="" Notes="" NotifiedIncoming="true" Owner="local" Priority="P3" Reminded="false" RepositoryUrl="local" ScheduledEndDate="2010-12-12 23:59:59.999 CET" ScheduledStartDate="2010-12-06 00:00:00.0 CET" Stale="false" TaskId="106" offlineSyncState="SYNCHRONIZED"/><Task Active="false" ConnectorKind="local" CreationDate="2010-12-01 21:08:39.657 CET" DueDate="" EndDate="" Estimated="0" Handle="local-89" IssueURL="" Kind="task" Label="bouton reset POV dans tools et suppression menu contextuel inutile" LastModified="now" MarkReadPending="false" ModificationDate="" Notes="" NotifiedIncoming="true" Owner="local" Priority="P3" Reminded="false" RepositoryUrl="local" ScheduledEndDate="2010-12-05 23:59:59.999 CET" ScheduledStartDate="2010-11-29 00:00:00.0 CET" Stale="false" TaskId="89" offlineSyncState="SYNCHRONIZED"/><Task Active="false" ConnectorKind="local" CreationDate="2010-11-29 01:01:58.58 CET" DueDate="" EndDate="" Estimated="0" Handle="local-80" IssueURL="" Kind="task" Label="générer (ou patcherà le buffer array en fonction des données locales, pas l'inverse" LastModified="now" MarkReadPending="false" ModificationDate="" Notes="" NotifiedIncoming="true" Owner="local" Priority="P3" Reminded="false" RepositoryUrl="local" ScheduledEndDate="2010-12-05 23:59:59.999 CET" ScheduledStartDate="2010-11-29 00:00:00.0 CET" Stale="false" TaskId="80" offlineSyncState="SYNCHRONIZED"/><Task Active="false" ConnectorKind="local" CreationDate="2010-11-27 19:46:55.612 CET" DueDate="" EndDate="2010-11-30 21:36:24.38 CET" Estimated="0" Handle="local-74" IssueURL="" Kind="task" Label="option pour afficher les dessins de debug 3D dans le visuel" LastModified="now" MarkReadPending="false" ModificationDate="" Notes="" NotifiedIncoming="true" Owner="local" Priority="P3" Reminded="false" RepositoryUrl="local" ScheduledEndDate="2010-11-28 23:59:59.999 CET" ScheduledStartDate="2010-11-22 00:00:00.0 CET" Stale="false" TaskId="74" offlineSyncState="SYNCHRONIZED"/><Task Active="false" ConnectorKind="local" CreationDate="2010-11-08 20:48:35.600 CET" DueDate="" EndDate="2010-11-09 00:13:20.422 CET" Estimated="0" Handle="local-13" IssueURL="" Kind="task" Label="Deriver application pour maintenir les manager et ne pas dépendre d'une activité qui est peut être déchargée" LastModified="now" MarkReadPending="false" ModificationDate="" Notes="" NotifiedIncoming="true" Owner="local" Priority="P3" Reminded="false" RepositoryUrl="local" ScheduledEndDate="2010-11-14 23:59:59.999 CET" ScheduledStartDate="2010-11-08 00:00:00.0 CET" Stale="false" TaskId="13" offlineSyncState="SYNCHRONIZED"/><Task Active="false" ConnectorKind="local" CreationDate="2010-12-22 23:37:13.733 CET" DueDate="" EndDate="" Estimated="0" Handle="local-111" IssueURL="" Kind="task" Label="cercle overlay pour connaitre taille rayon et la puissance (epaisseur trai) façon blender" LastModified="now" MarkReadPending="false" ModificationDate="" Notes="" NotifiedIncoming="true" Owner="local" Priority="P3" Reminded="false" RepositoryUrl="local" ScheduledEndDate="2010-12-26 23:59:59.999 CET" ScheduledStartDate="2010-12-20 00:00:00.0 CET" Stale="false" TaskId="111" offlineSyncState="SYNCHRONIZED"/><Task Active="false" ConnectorKind="local" CreationDate="2010-11-11 15:46:35.539 CET" DueDate="" EndDate="2010-11-11 18:31:47.116 CET" Estimated="0" Handle="local-22" IssueURL="" Kind="task" Label="quit confirmation trap" LastModified="now" MarkReadPending="false" ModificationDate="" Notes="" NotifiedIncoming="true" Owner="local" Priority="P3" Reminded="false" RepositoryUrl="local" ScheduledEndDate="2010-11-14 23:59:59.999 CET" ScheduledStartDate="2010-11-08 00:00:00.0 CET" Stale="false" TaskId="22" offlineSyncState="SYNCHRONIZED"/><Task Active="false" ConnectorKind="local" CreationDate="2010-11-06 01:43:30.824 CET" DueDate="" EndDate="" Estimated="0" Handle="local-4" IssueURL="" Kind="task" Label="Tests unitaires" LastModified="now" MarkReadPending="false" ModificationDate="" Notes="" NotifiedIncoming="true" Owner="local" Priority="P3" Reminded="false" RepositoryUrl="local" ScheduledEndDate="2010-11-07 23:59:59.999 CET" ScheduledStartDate="2010-11-01 00:00:00.0 CET" Stale="false" TaskId="4" offlineSyncState="SYNCHRONIZED"/><Task Active="false" ConnectorKind="local" CreationDate="2010-11-07 13:41:18.803 CET" DueDate="" EndDate="2010-11-08 00:49:57.732 CET" Estimated="0" Handle="local-8" IssueURL="" Kind="task" Label="layout tutorial" LastModified="now" MarkReadPending="false" ModificationDate="" Notes="" NotifiedIncoming="true" Owner="local" Priority="P3" Reminded="false" RepositoryUrl="local" ScheduledEndDate="2010-11-07 23:59:59.999 CET" ScheduledStartDate="2010-11-01 00:00:00.0 CET" Stale="false" TaskId="8" offlineSyncState="SYNCHRONIZED"/><Task Active="false" ConnectorKind="local" CreationDate="2010-11-10 02:52:36.803 CET" DueDate="" EndDate="" Estimated="0" Handle="local-17" IssueURL="" Kind="task" Label="autosave feature pour éviter plantage" LastModified="now" MarkReadPending="false" ModificationDate="" Notes="" NotifiedIncoming="true" Owner="local" Priority="P3" Reminded="false" RepositoryUrl="local" ScheduledEndDate="2010-11-14 23:59:59.999 CET" ScheduledStartDate="2010-11-08 00:00:00.0 CET" Stale="false" TaskId="17" offlineSyncState="SYNCHRONIZED"/><Task Active="false" ConnectorKind="local" CreationDate="2010-11-14 23:41:38.832 CET" DueDate="" EndDate="2010-11-24 02:46:38.330 CET" Estimated="0" Handle="local-30" IssueURL="" Kind="task" Label="Fond activités transparetnes putot opaque et avec bouton close" LastModified="now" MarkReadPending="false" ModificationDate="" Notes="" NotifiedIncoming="true" Owner="local" Priority="P3" Reminded="false" RepositoryUrl="local" ScheduledEndDate="2010-11-14 23:59:59.999 CET" ScheduledStartDate="2010-11-08 00:00:00.0 CET" Stale="false" TaskId="30" offlineSyncState="SYNCHRONIZED"/><Task Active="false" ConnectorKind="local" CreationDate="2011-01-02 02:44:53.311 CET" DueDate="" EndDate="" Estimated="0" Handle="local-127" Kind="task" Label="mode accumulate pour conserver action à chaque clique ou devoir reclicker pour refaire action" LastModified="now" MarkReadPending="false" ModificationDate="" Notes="" NotifiedIncoming="true" Owner="local" Priority="P3" Reminded="false" RepositoryUrl="local" ScheduledEndDate="2011-01-02 23:59:59.999 CET" ScheduledStartDate="2010-12-27 00:00:00.0 CET" Stale="false" TaskId="127" offlineSyncState="SYNCHRONIZED"/><Task Active="false" ConnectorKind="local" CreationDate="2010-12-07 00:02:28.697 CET" DueDate="" EndDate="" Estimated="0" Handle="local-105" IssueURL="" Kind="task" Label="zoom and move at same time if fingers space remains constant" LastModified="now" MarkReadPending="false" ModificationDate="" Notes="" NotifiedIncoming="true" Owner="local" Priority="P3" Reminded="false" RepositoryUrl="local" ScheduledEndDate="2010-12-12 23:59:59.999 CET" ScheduledStartDate="2010-12-06 00:00:00.0 CET" Stale="false" TaskId="105" offlineSyncState="SYNCHRONIZED"/><Task Active="false" ConnectorKind="local" CreationDate="2010-11-26 00:44:01.617 CET" DueDate="" EndDate="" Estimated="0" Handle="local-64" IssueURL="" Kind="task" Label="Autochagne Tool mode en option ou mode forcé uniquement" LastModified="now" MarkReadPending="false" ModificationDate="" Notes="" NotifiedIncoming="true" Owner="local" Priority="P3" Reminded="false" RepositoryUrl="local" ScheduledEndDate="2010-11-28 23:59:59.999 CET" ScheduledStartDate="2010-11-22 00:00:00.0 CET" Stale="false" TaskId="64" offlineSyncState="SYNCHRONIZED"/><Task Active="false" ConnectorKind="local" CreationDate="2010-11-24 00:19:38.816 CET" DueDate="" EndDate="2010-11-30 21:37:29.380 CET" Estimated="0" Handle="local-56" IssueURL="" Kind="task" Label="toolsmanager lsitenr pour updater les views" LastModified="now" MarkReadPending="false" ModificationDate="" Notes="" NotifiedIncoming="true" Owner="local" Priority="P3" Reminded="false" RepositoryUrl="local" ScheduledEndDate="2010-11-28 23:59:59.999 CET" ScheduledStartDate="2010-11-22 00:00:00.0 CET" Stale="false" TaskId="56" offlineSyncState="SYNCHRONIZED"/><Task Active="false" ConnectorKind="local" CreationDate="2010-12-01 22:15:43.841 CET" DueDate="" EndDate="" Estimated="0" Handle="local-95" IssueURL="" Kind="task" Label="mode sculpt and paint at same time + mode view and scultp/paint at same time" LastModified="now" MarkReadPending="false" ModificationDate="" Notes="" NotifiedIncoming="true" Owner="local" Priority="P3" Reminded="false" RepositoryUrl="local" ScheduledEndDate="2010-12-05 23:59:59.999 CET" ScheduledStartDate="2010-11-29 00:00:00.0 CET" Stale="false" TaskId="95" offlineSyncState="SYNCHRONIZED"/><Task Active="false" ConnectorKind="local" CreationDate="2010-12-23 13:02:05.120 CET" DueDate="" EndDate="" Estimated="0" Handle="local-118" IssueURL="" Kind="task" Label="enregistrer un nom de domaine perso" LastModified="now" MarkReadPending="false" ModificationDate="" Notes="" NotifiedIncoming="true" Owner="local" Priority="P3" Reminded="false" RepositoryUrl="local" ScheduledEndDate="2010-12-26 23:59:59.999 CET" ScheduledStartDate="2010-12-20 00:00:00.0 CET" Stale="false" TaskId="118" offlineSyncState="SYNCHRONIZED"/><Task Active="false" ConnectorKind="local" CreationDate="2010-11-10 02:53:13.769 CET" DueDate="" EndDate="" Estimated="0" Handle="local-18" IssueURL="" Kind="task" Label="Comment hiberner les activités des managers (données potentiellement utilisées par plusieurs activités qui peuvent être toutes mises en en hibernation) " LastModified="now" MarkReadPending="false" ModificationDate="" Notes="" NotifiedIncoming="true" Owner="local" Priority="P3" Reminded="false" RepositoryUrl="local" ScheduledEndDate="2010-11-14 23:59:59.999 CET" ScheduledStartDate="2010-11-08 00:00:00.0 CET" Stale="false" TaskId="18" offlineSyncState="SYNCHRONIZED"/><Task Active="false" ConnectorKind="local" CreationDate="2010-11-07 13:58:40.207 CET" DueDate="" EndDate="2010-11-08 00:50:06.377 CET" Estimated="0" Handle="local-9" IssueURL="" Kind="task" Label="gestion des options (attention default options in same package)" LastModified="now" MarkReadPending="false" ModificationDate="" Notes="" NotifiedIncoming="true" Owner="local" Priority="P3" Reminded="false" RepositoryUrl="local" ScheduledEndDate="2010-11-07 23:59:59.999 CET" ScheduledStartDate="2010-11-01 00:00:00.0 CET" Stale="false" TaskId="9" offlineSyncState="SYNCHRONIZED"/><Task Active="false" ConnectorKind="local" CreationDate="2010-11-05 21:20:29.166 CET" DueDate="" EndDate="2010-11-24 02:45:48.325 CET" Estimated="0" Handle="local-3" IssueURL="" Kind="task" Label="Picking 3D" LastModified="now" MarkReadPending="false" ModificationDate="" Notes="" NotifiedIncoming="true" Owner="local" Priority="P3" Reminded="false" RepositoryUrl="local" ScheduledEndDate="2010-11-07 23:59:59.999 CET" ScheduledStartDate="2010-11-01 00:00:00.0 CET" Stale="false" TaskId="3" offlineSyncState="SYNCHRONIZED"/><Task Active="false" ConnectorKind="local" CreationDate="2010-11-27 18:09:32.788 CET" DueDate="" EndDate="" Estimated="0" Handle="local-73" IssueURL="" Kind="task" Label="Version  allégée de la 3D pour la rotation, calcul complet qu'au relachement" LastModified="now" MarkReadPending="false" ModificationDate="" Notes="" NotifiedIncoming="true" Owner="local" Priority="P3" Reminded="false" RepositoryUrl="local" ScheduledEndDate="2010-11-28 23:59:59.999 CET" ScheduledStartDate="2010-11-22 00:00:00.0 CET" Stale="false" TaskId="73" offlineSyncState="SYNCHRONIZED"/><Task Active="false" ConnectorKind="local" CreationDate="2010-11-11 18:31:24.86 CET" DueDate="" EndDate="2010-11-24 02:46:21.590 CET" Estimated="0" Handle="local-23" IssueURL="" Kind="task" Label="rendering step by step only when needed" LastModified="now" MarkReadPending="false" ModificationDate="" Notes="" NotifiedIncoming="true" Owner="local" Priority="P3" Reminded="false" RepositoryUrl="local" ScheduledEndDate="2010-11-14 23:59:59.999 CET" ScheduledStartDate="2010-11-08 00:00:00.0 CET" Stale="false" TaskId="23" offlineSyncState="SYNCHRONIZED"/><Task Active="false" ConnectorKind="local" CreationDate="2010-12-23 18:01:49.344 CET" DueDate="" EndDate="" Estimated="0" Handle="local-125" IssueURL="" Kind="task" Label="faire un canal pour afficher les toast via main activity  depuis manager pour info utilisateur" LastModified="now" MarkReadPending="false" ModificationDate="" Notes="" NotifiedIncoming="true" Owner="local" Priority="P3" Reminded="false" RepositoryUrl="local" ScheduledEndDate="2010-12-26 23:59:59.999 CET" ScheduledStartDate="2010-12-20 00:00:00.0 CET" Stale="false" TaskId="125" offlineSyncState="SYNCHRONIZED"/><Task Active="false" ConnectorKind="local" CreationDate="2010-11-27 23:26:15.185 CET" DueDate="" EndDate="2010-11-30 21:36:33.667 CET" Estimated="0" Handle="local-76" IssueURL="" Kind="task" Label="afficher les normales (au point ou triangle) pour débugger" LastModified="now" MarkReadPending="false" ModificationDate="" Notes="" NotifiedIncoming="true" Owner="local" Priority="P3" Reminded="false" RepositoryUrl="local" ScheduledEndDate="2010-11-28 23:59:59.999 CET" ScheduledStartDate="2010-11-22 00:00:00.0 CET" Stale="false" TaskId="76" offlineSyncState="SYNCHRONIZED"/><Task Active="false" ConnectorKind="local" CreationDate="2010-11-29 01:36:26.962 CET" DueDate="" EndDate="" Estimated="0" Handle="local-81" IssueURL="" Kind="task" Label="touch indépendant de la fréquence de picking et des toucheevent move mais plutot du temps passé appuyé et des trajectoire détectées, déporter le calcul plus tard dans les actions (sauf pour picking initial)" LastModified="now" MarkReadPending="false" ModificationDate="" Notes="" NotifiedIncoming="true" Owner="local" Priority="P3" Reminded="false" RepositoryUrl="local" ScheduledEndDate="2010-12-05 23:59:59.999 CET" ScheduledStartDate="2010-11-29 00:00:00.0 CET" Stale="false" TaskId="81" offlineSyncState="SYNCHRONIZED"/><Task Active="false" ConnectorKind="local" CreationDate="2010-11-16 22:35:38.841 CET" DueDate="" EndDate="2010-11-24 02:46:58.860 CET" Estimated="0" Handle="local-41" IssueURL="" Kind="task" Label="reglage couleur fond du rendu" LastModified="now" MarkReadPending="false" ModificationDate="" Notes="" NotifiedIncoming="true" Owner="local" Priority="P3" Reminded="false" RepositoryUrl="local" ScheduledEndDate="2010-11-21 23:59:59.999 CET" ScheduledStartDate="2010-11-15 00:00:00.0 CET" Stale="false" TaskId="41" offlineSyncState="SYNCHRONIZED"/><Task Active="false" ConnectorKind="local" CreationDate="2010-12-23 13:01:54.894 CET" DueDate="" EndDate="" Estimated="0" Handle="local-117" IssueURL="" Kind="task" Label="créer un logo qui poutre" LastModified="now" MarkReadPending="false" ModificationDate="" Notes="" NotifiedIncoming="true" Owner="local" Priority="P3" Reminded="false" RepositoryUrl="local" ScheduledEndDate="2010-12-26 23:59:59.999 CET" ScheduledStartDate="2010-12-20 00:00:00.0 CET" Stale="false" TaskId="117" offlineSyncState="SYNCHRONIZED"/><Task Active="false" ConnectorKind="local" CreationDate="2010-11-23 23:57:50.67 CET" DueDate="" EndDate="" Estimated="0" Handle="local-55" IssueURL="" Kind="task" Label="garder des structures de données dans meshManager pour picking pas dans object opengl" LastModified="now" MarkReadPending="false" ModificationDate="" Notes="" NotifiedIncoming="true" Owner="local" Priority="P3" Reminded="false" RepositoryUrl="local" ScheduledEndDate="2010-11-28 23:59:59.999 CET" ScheduledStartDate="2010-11-22 00:00:00.0 CET" Stale="false" TaskId="55" offlineSyncState="SYNCHRONIZED"/><Task Active="false" ConnectorKind="local" CreationDate="2010-12-01 21:01:31.272 CET" DueDate="" EndDate="" Estimated="0" Handle="local-88" IssueURL="" Kind="task" Label="meilleur picker de couleur avec prise en compte des saturation et mode de saisie avancé" LastModified="now" MarkReadPending="false" ModificationDate="" Notes="http://code.google.com/p/android-color-picker/&#13;&#10;avec saturation en linéaire et bouton pour avancé avec affichage du dialogue" NotifiedIncoming="true" Owner="local" Priority="P3" Reminded="false" RepositoryUrl="local" ScheduledEndDate="2010-12-05 23:59:59.999 CET" ScheduledStartDate="2010-11-29 00:00:00.0 CET" Stale="false" TaskId="88" offlineSyncState="SYNCHRONIZED"/><Task Active="false" ConnectorKind="local" CreationDate="2010-12-02 00:13:30.0 CET" DueDate="" EndDate="" Estimated="0" Handle="local-96" IssueURL="" Kind="task" Label="export au format .obj" LastModified="now" MarkReadPending="false" ModificationDate="" Notes="http://en.wikipedia.org/wiki/Obj" NotifiedIncoming="true" Owner="local" Priority="P3" Reminded="false" RepositoryUrl="local" ScheduledEndDate="2010-12-05 23:59:59.999 CET" ScheduledStartDate="2010-11-29 00:00:00.0 CET" Stale="false" TaskId="96" offlineSyncState="SYNCHRONIZED"/><Task Active="false" ConnectorKind="local" CreationDate="2010-11-16 22:15:29.593 CET" DueDate="" EndDate="2010-11-16 22:35:35.767 CET" Estimated="0" Handle="local-40" IssueURL="" Kind="task" Label="background clear color blacj" LastModified="now" MarkReadPending="false" ModificationDate="" Notes="" NotifiedIncoming="true" Owner="local" Priority="P3" Reminded="false" RepositoryUrl="local" ScheduledEndDate="2010-11-21 23:59:59.999 CET" ScheduledStartDate="2010-11-15 00:00:00.0 CET" Stale="false" TaskId="40" offlineSyncState="SYNCHRONIZED"/><Task Active="false" ConnectorKind="local" CreationDate="2010-11-05 21:16:45.305 CET" DueDate="" EndDate="2010-11-08 00:50:24.209 CET" Estimated="0" Handle="local-2" IssueURL="" Kind="task" Label="Startup tutorial" LastModified="now" MarkReadPending="false" ModificationDate="" Notes="" NotifiedIncoming="true" Owner="local" Priority="P3" Reminded="false" RepositoryUrl="local" ScheduledEndDate="2010-11-07 23:59:59.999 CET" ScheduledStartDate="2010-11-01 00:00:00.0 CET" Stale="false" TaskId="2" offlineSyncState="SYNCHRONIZED"/><Task Active="false" ConnectorKind="local" CreationDate="2010-11-14 22:27:16.723 CET" DueDate="" EndDate="2010-11-24 02:46:31.595 CET" Estimated="0" Handle="local-27" IssueURL="" Kind="task" Label="gluunproject, glreadpixel depth buffer pour z, BSP pour trouver seul le triangle après sinon ray picking" LastModified="now" MarkReadPending="false" ModificationDate="" Notes="voir code de opengl ou ok" NotifiedIncoming="true" Owner="local" Priority="P3" Reminded="false" RepositoryUrl="local" ScheduledEndDate="2010-11-14 23:59:59.999 CET" ScheduledStartDate="2010-11-08 00:00:00.0 CET" Stale="false" TaskId="27" offlineSyncState="SYNCHRONIZED"/><Task Active="false" ConnectorKind="local" CreationDate="2010-11-28 03:03:16.290 CET" DueDate="" EndDate="" Estimated="0" Handle="local-77" IssueURL="" Kind="task" Label="les gets dans les vectors buffers coutent cher (voir profiling)" LastModified="now" MarkReadPending="false" ModificationDate="" Notes="" NotifiedIncoming="true" Owner="local" Priority="P3" Reminded="false" RepositoryUrl="local" ScheduledEndDate="2010-11-28 23:59:59.999 CET" ScheduledStartDate="2010-11-22 00:00:00.0 CET" Stale="false" TaskId="77" offlineSyncState="SYNCHRONIZED"/><Task Active="false" ConnectorKind="local" CreationDate="2010-11-24 20:34:48.421 CET" DueDate="" EndDate="" Estimated="0" Handle="local-61" IssueURL="" Kind="task" Label="threader picking et sculpture pour rendre UI réactive" LastModified="now" MarkReadPending="false" ModificationDate="" Notes="" NotifiedIncoming="true" Owner="local" Priority="P3" Reminded="false" RepositoryUrl="local" ScheduledEndDate="2010-11-28 23:59:59.999 CET" ScheduledStartDate="2010-11-22 00:00:00.0 CET" Stale="false" TaskId="61" offlineSyncState="SYNCHRONIZED"/><Task Active="false" ConnectorKind="local" CreationDate="2010-12-23 18:00:44.822 CET" DueDate="" EndDate="" Estimated="0" Handle="local-124" IssueURL="" Kind="task" Label="ajuster dimensios wallpaper et antialiaser" LastModified="now" MarkReadPending="false" ModificationDate="" Notes="" NotifiedIncoming="true" Owner="local" Priority="P3" Reminded="false" RepositoryUrl="local" ScheduledEndDate="2010-12-26 23:59:59.999 CET" ScheduledStartDate="2010-12-20 00:00:00.0 CET" Stale="false" TaskId="124" offlineSyncState="SYNCHRONIZED"/><Task Active="false" ConnectorKind="local" CreationDate="2010-12-05 13:01:55.774 CET" DueDate="" EndDate="" Estimated="0" Handle="local-104" IssueURL="" Kind="task" Label="per pixel lighting permanent ou dans un mode rendu (avant screenshot)" LastModified="now" MarkReadPending="false" ModificationDate="" Notes="" NotifiedIncoming="true" Owner="local" Priority="P3" Reminded="false" RepositoryUrl="local" ScheduledEndDate="2010-12-05 23:59:59.999 CET" ScheduledStartDate="2010-11-29 00:00:00.0 CET" Stale="false" TaskId="104" offlineSyncState="SYNCHRONIZED"/><Task Active="false" ConnectorKind="local" CreationDate="2010-11-14 22:28:30.26 CET" DueDate="" EndDate="" Estimated="0" Handle="local-28" IssueURL="" Kind="task" Label="installation possible sur carte SD" LastModified="now" MarkReadPending="false" ModificationDate="" Notes="seulement en SDK8" NotifiedIncoming="true" Owner="local" Priority="P3" Reminded="false" RepositoryUrl="local" ScheduledEndDate="2010-11-14 23:59:59.999 CET" ScheduledStartDate="2010-11-08 00:00:00.0 CET" Stale="false" TaskId="28" offlineSyncState="SYNCHRONIZED"/><Task Active="false" ConnectorKind="local" CreationDate="2010-11-24 21:01:35.901 CET" DueDate="" EndDate="" Estimated="0" Handle="local-62" IssueURL="" Kind="task" Label="ne pas normalizer les normales car coute cher" LastModified="now" MarkReadPending="false" ModificationDate="" Notes="" NotifiedIncoming="true" Owner="local" Priority="P3" Reminded="false" RepositoryUrl="local" ScheduledEndDate="2010-11-28 23:59:59.999 CET" ScheduledStartDate="2010-11-22 00:00:00.0 CET" Stale="false" TaskId="62" offlineSyncState="SYNCHRONIZED"/><Task Active="false" ConnectorKind="local" CreationDate="2010-11-11 18:32:07.931 CET" DueDate="" EndDate="2010-12-22 20:19:34.742 CET" Estimated="0" Handle="local-24" IssueURL="" Kind="task" Label="empecher la mise en veille sur options" LastModified="now" MarkReadPending="false" ModificationDate="" Notes="powermanager, utiliser un powerManager" NotifiedIncoming="true" Owner="local" Priority="P3" Reminded="false" RepositoryUrl="local" ScheduledEndDate="2010-11-14 23:59:59.999 CET" ScheduledStartDate="2010-11-08 00:00:00.0 CET" Stale="false" TaskId="24" offlineSyncState="SYNCHRONIZED"/><Task Active="false" ConnectorKind="local" CreationDate="2010-11-10 03:13:46.996 CET" DueDate="" EndDate="" Estimated="0" Handle="local-21" IssueURL="" Kind="task" Label="fixer la liste des outils à utiliser" LastModified="now" MarkReadPending="false" ModificationDate="" Notes="subdiviseur, simplificateur, elevateur, baisseur, diamètre de zone&#13;&#10;toutes actions réversibles ?&#13;&#10;tampons pour motifs" NotifiedIncoming="true" Owner="local" Priority="P3" Reminded="false" RepositoryUrl="local" ScheduledEndDate="2010-11-14 23:59:59.999 CET" ScheduledStartDate="2010-11-08 00:00:00.0 CET" Stale="false" TaskId="21" offlineSyncState="SYNCHRONIZED"/><Task Active="false" ConnectorKind="local" CreationDate="2010-11-23 23:30:31.400 CET" DueDate="" EndDate="2010-11-30 21:37:37.652 CET" Estimated="0" Handle="local-54" IssueURL="" Kind="task" Label="precompute all triangles normale to avoid recomputing every time, exclude back faced triangles from picking" LastModified="now" MarkReadPending="false" ModificationDate="" Notes="&#13;&#10;    glClearColor(0.7, 0.7, 0.7, 1.0);&#13;&#10;    glClear(GL_COLOR_BUFFER_BIT | GL_DEPTH_BUFFER_BIT);&#13;&#10;    glEnableClientState(GL_VERTEX_ARRAY);&#13;&#10; glEnableClientState(GL_COLOR_ARRAY);&#13;&#10; glEnableClientState(GL_NORMAL_ARRAY);&#13;&#10;&#13;&#10;        glVertexPointer(3, GL_FLOAT, 0, vertices);&#13;&#10; glColorPointer(4, GL_FLOAT, 0, colors);&#13;&#10; glNormalPointer(GL_FLOAT, 0, normals);&#13;&#10; glDrawElements(GL_TRIANGLE_STRIP, 8, GL_UNSIGNED_BYTE, roomFaces);&#13;&#10;&#13;&#10;        glDisableClientState(GL_NORMAL_ARRAY);&#13;&#10; glDisableClientState(GL_VERTEX_ARRAY);&#13;&#10; glDisableClientState(GL_COLOR_ARRAY); }&#13;&#10;" NotifiedIncoming="true" Owner="local" Priority="P3" Reminded="false" RepositoryUrl="local" ScheduledEndDate="2010-11-28 23:59:59.999 CET" ScheduledStartDate="2010-11-22 00:00:00.0 CET" Stale="false" TaskId="54" offlineSyncState="SYNCHRONIZED"/><Task Active="false" ConnectorKind="local" CreationDate="2010-11-29 00:04:25.562 CET" DueDate="" EndDate="" Estimated="0" Handle="local-78" IssueURL="" Kind="task" Label="Make normal, vertex, color cache and maps in memory, do not use bytearrays (very slow to access excepted for GPU)" LastModified="now" MarkReadPending="false" ModificationDate="" Notes="" NotifiedIncoming="true" Owner="local" Priority="P3" Reminded="false" RepositoryUrl="local" ScheduledEndDate="2010-12-05 23:59:59.999 CET" ScheduledStartDate="2010-11-29 00:00:00.0 CET" Stale="false" TaskId="78" offlineSyncState="SYNCHRONIZED"/><Task Active="false" ConnectorKind="local" CreationDate="2010-11-24 03:05:21.254 CET" DueDate="" EndDate="" Estimated="0" Handle="local-59" IssueURL="" Kind="task" Label="mutexer les manips de vertexobjects pour éviter rendu en même temps inon position(0) différent pose pb et aspect =déchiré" LastModified="now" MarkReadPending="false" ModificationDate="" Notes="" NotifiedIncoming="true" Owner="local" Priority="P3" Reminded="false" RepositoryUrl="local" ScheduledEndDate="2010-11-28 23:59:59.999 CET" ScheduledStartDate="2010-11-22 00:00:00.0 CET" Stale="false" TaskId="59" offlineSyncState="SYNCHRONIZED"/><Task Active="false" ConnectorKind="local" CreationDate="2010-12-02 01:26:41.547 CET" DueDate="" EndDate="" Estimated="0" Handle="local-97" IssueURL="" Kind="task" Label="dessiner un cercle autour du curseur pour représenter le rayon (voir blender)" LastModified="now" MarkReadPending="false" ModificationDate="" Notes="" NotifiedIncoming="true" Owner="local" Priority="P3" Reminded="false" RepositoryUrl="local" ScheduledEndDate="2010-12-05 23:59:59.999 CET" ScheduledStartDate="2010-11-29 00:00:00.0 CET" Stale="false" TaskId="97" offlineSyncState="SYNCHRONIZED"/><Task Active="false" ConnectorKind="local" CreationDate="2010-11-24 20:07:19.292 CET" DueDate="" EndDate="" Estimated="0" Handle="local-60" IssueURL="" Kind="task" Label="désactivere/réactiver sensors à la volée" LastModified="now" MarkReadPending="false" ModificationDate="" Notes="" NotifiedIncoming="true" Owner="local" Priority="P3" Reminded="false" RepositoryUrl="local" ScheduledEndDate="2010-11-28 23:59:59.999 CET" ScheduledStartDate="2010-11-22 00:00:00.0 CET" Stale="false" TaskId="60" offlineSyncState="SYNCHRONIZED"/><Task Active="false" ConnectorKind="local" CreationDate="2010-12-02 01:31:49.30 CET" DueDate="" EndDate="" Estimated="0" Handle="local-100" IssueURL="" Kind="task" Label="pouvoir avoir des formes de brush autre que rondes (avec intensité aussi décroissante)" LastModified="now" MarkReadPending="false" ModificationDate="" Notes="" NotifiedIncoming="true" Owner="local" Priority="P3" Reminded="false" RepositoryUrl="local" ScheduledEndDate="2010-12-05 23:59:59.999 CET" ScheduledStartDate="2010-11-29 00:00:00.0 CET" Stale="false" TaskId="100" offlineSyncState="SYNCHRONIZED"/><Task Active="false" ConnectorKind="local" CreationDate="2010-12-23 13:02:38.535 CET" DueDate="" EndDate="" Estimated="0" Handle="local-120" IssueURL="" Kind="task" Label="Comment hiberner les activités des managers (données potentiellement utilisées par plusieurs activités qui peuvent être toutes mises en en hibernation)" LastModified="now" MarkReadPending="false" ModificationDate="" Notes="" NotifiedIncoming="true" Owner="local" Priority="P3" Reminded="false" RepositoryUrl="local" ScheduledEndDate="2010-12-26 23:59:59.999 CET" ScheduledStartDate="2010-12-20 00:00:00.0 CET" Stale="false" TaskId="120" offlineSyncState="SYNCHRONIZED"/><Task Active="false" ConnectorKind="local" CreationDate="2010-11-29 01:51:07.253 CET" DueDate="" EndDate="" Estimated="0" Handle="local-82" IssueURL="" Kind="task" Label="faire un mode peinture ou les couleurs se mélangent au lieu de s'écraser" LastModified="now" MarkReadPending="false" ModificationDate="" Notes="" NotifiedIncoming="true" Owner="local" Priority="P3" Reminded="false" RepositoryUrl="local" ScheduledEndDate="2010-12-05 23:59:59.999 CET" ScheduledStartDate="2010-11-29 00:00:00.0 CET" Stale="false" TaskId="82" offlineSyncState="SYNCHRONIZED"/><Task Active="false" ConnectorKind="local" CreationDate="2010-11-17 19:51:44.47 CET" DueDate="" EndDate="2010-11-30 21:38:45.188 CET" Estimated="0" Handle="local-47" IssueURL="" Kind="task" Label="afficher panel d'outils si appui long hors zone de sculpture, zoom sur double tap ou panel ?" LastModified="now" MarkReadPending="false" ModificationDate="" Notes="" NotifiedIncoming="true" Owner="local" Priority="P3" Reminded="false" RepositoryUrl="local" ScheduledEndDate="2010-11-21 23:59:59.999 CET" ScheduledStartDate="2010-11-15 00:00:00.0 CET" Stale="false" TaskId="47" offlineSyncState="SYNCHRONIZED"/><Task Active="false" ConnectorKind="local" CreationDate="2010-12-02 01:27:08.722 CET" DueDate="" EndDate="" Estimated="0" Handle="local-98" IssueURL="" Kind="task" Label="grossisement avec moyennage" LastModified="now" MarkReadPending="false" ModificationDate="" Notes="" NotifiedIncoming="true" Owner="local" Priority="P3" Reminded="false" RepositoryUrl="local" ScheduledEndDate="2010-12-05 23:59:59.999 CET" ScheduledStartDate="2010-11-29 00:00:00.0 CET" Stale="false" TaskId="98" offlineSyncState="SYNCHRONIZED"/><Task Active="false" ConnectorKind="local" CreationDate="2010-11-27 23:24:32.491 CET" DueDate="" EndDate="" Estimated="0" Handle="local-75" IssueURL="" Kind="task" Label="timer lors du touch down pour monter plus ou moins haut en fonciton du temps" LastModified="now" MarkReadPending="false" ModificationDate="" Notes="" NotifiedIncoming="true" Owner="local" Priority="P3" Reminded="false" RepositoryUrl="local" ScheduledEndDate="2010-11-28 23:59:59.999 CET" ScheduledStartDate="2010-11-22 00:00:00.0 CET" Stale="false" TaskId="75" offlineSyncState="SYNCHRONIZED"/><Task Active="false" ConnectorKind="local" CreationDate="2010-11-26 00:29:56.985 CET" DueDate="" EndDate="2010-11-30 21:38:56.412 CET" Estimated="0" Handle="local-63" IssueURL="" Kind="task" Label="gérer les clicks longs partout et les double tap pour afficher des menus ou des raccourcis" LastModified="now" MarkReadPending="false" ModificationDate="" Notes="" NotifiedIncoming="true" Owner="local" Priority="P3" Reminded="false" RepositoryUrl="local" ScheduledEndDate="2010-11-28 23:59:59.999 CET" ScheduledStartDate="2010-11-22 00:00:00.0 CET" Stale="false" TaskId="63" offlineSyncState="SYNCHRONIZED"/><Task Active="false" ConnectorKind="local" CreationDate="2010-11-14 23:41:24.845 CET" DueDate="" EndDate="2010-11-17 00:29:18.894 CET" Estimated="0" Handle="local-29" IssueURL="" Kind="task" Label="update threadé et caché" LastModified="now" MarkReadPending="false" ModificationDate="" Notes="" NotifiedIncoming="true" Owner="local" Priority="P3" Reminded="false" RepositoryUrl="local" ScheduledEndDate="2010-11-14 23:59:59.999 CET" ScheduledStartDate="2010-11-08 00:00:00.0 CET" Stale="false" TaskId="29" offlineSyncState="SYNCHRONIZED"/><Task Active="false" ConnectorKind="local" CreationDate="2010-11-12 01:28:29.77 CET" DueDate="" EndDate="2010-11-30 21:38:11.541 CET" Estimated="0" Handle="local-25" IssueURL="" Kind="task" Label="boutons modes et outils et raccourcis (mode point vue, couleur pour peinture, outils de scultpure) situés autour de la vue 3D, attention au touch" LastModified="now" MarkReadPending="false" ModificationDate="" Notes="" NotifiedIncoming="true" Owner="local" Priority="P3" Reminded="false" RepositoryUrl="local" ScheduledEndDate="2010-11-14 23:59:59.999 CET" ScheduledStartDate="2010-11-08 00:00:00.0 CET" Stale="false" TaskId="25" offlineSyncState="SYNCHRONIZED"/><Task Active="false" ConnectorKind="local" CreationDate="2010-12-23 14:57:22.338 CET" DueDate="" EndDate="" Estimated="0" Handle="local-123" IssueURL="" Kind="task" Label="version du logiciel payante si on veut faire une donation, avec rappelle dans le soft" LastModified="now" MarkReadPending="false" ModificationDate="" Notes="" NotifiedIncoming="true" Owner="local" Priority="P3" Reminded="false" RepositoryUrl="local" ScheduledEndDate="2010-12-26 23:59:59.999 CET" ScheduledStartDate="2010-12-20 00:00:00.0 CET" Stale="false" TaskId="123" offlineSyncState="SYNCHRONIZED"/><Task Active="false" ConnectorKind="local" CreationDate="2010-12-23 13:01:34.289 CET" DueDate="" EndDate="" Estimated="0" Handle="local-115" IssueURL="" Kind="task" Label="versionner le sdk android et eclipse pour être completement autonome" LastModified="now" MarkReadPending="false" ModificationDate="" Notes="" NotifiedIncoming="true" Owner="local" Priority="P3" Reminded="false" RepositoryUrl="local" ScheduledEndDate="2010-12-26 23:59:59.999 CET" ScheduledStartDate="2010-12-20 00:00:00.0 CET" Stale="false" TaskId="115" offlineSyncState="SYNCHRONIZED"/><Task Active="false" ConnectorKind="local" CreationDate="2010-11-27 17:03:12.944 CET" DueDate="" EndDate="" Estimated="0" Handle="local-70" IssueURL="" Kind="task" Label="Sculpture façon glaise avec modèle élastique de matière" LastModified="now" MarkReadPending="false" ModificationDate="" Notes="" NotifiedIncoming="true" Owner="local" Priority="P3" Reminded="false" RepositoryUrl="local" ScheduledEndDate="2010-11-28 23:59:59.999 CET" ScheduledStartDate="2010-11-22 00:00:00.0 CET" Stale="false" TaskId="70" offlineSyncState="SYNCHRONIZED"/><Task Active="false" ConnectorKind="local" CreationDate="2010-11-27 17:01:11.96 CET" DueDate="" EndDate="2010-11-30 21:37:01.437 CET" Estimated="0" Handle="local-68" IssueURL="" Kind="task" Label="Bounding sphere à recalculer incrementalement pour pas sortir du near plane" LastModified="now" MarkReadPending="false" ModificationDate="" Notes="" NotifiedIncoming="true" Owner="local" Priority="P3" Reminded="false" RepositoryUrl="local" ScheduledEndDate="2010-11-28 23:59:59.999 CET" ScheduledStartDate="2010-11-22 00:00:00.0 CET" Stale="false" TaskId="68" offlineSyncState="SYNCHRONIZED"/><Task Active="false" ConnectorKind="local" CreationDate="2010-12-02 01:34:19.265 CET" DueDate="" EndDate="" Estimated="0" Handle="local-101" IssueURL="" Kind="task" Label="rajouter les modes de symmétries automatiques (X/Y/Z)" LastModified="now" MarkReadPending="false" ModificationDate="" Notes="" NotifiedIncoming="true" Owner="local" Priority="P3" Reminded="false" RepositoryUrl="local" ScheduledEndDate="2010-12-05 23:59:59.999 CET" ScheduledStartDate="2010-11-29 00:00:00.0 CET" Stale="false" TaskId="101" offlineSyncState="SYNCHRONIZED"/><Task Active="false" ConnectorKind="local" CreationDate="2010-11-30 01:06:42.814 CET" DueDate="" EndDate="" Estimated="0" Handle="local-83" IssueURL="" Kind="task" Label="modèle élastique de ressort entre chaque point pour comportement élastique. Tirer un point pour déformer, ne pas  faire d'action à chaque pick, définir une zone de prise (point par défaut)" LastModified="now" MarkReadPending="false" ModificationDate="" Notes="paramètre de radisu règle la raideur" NotifiedIncoming="true" Owner="local" Priority="P3" Reminded="false" RepositoryUrl="local" ScheduledEndDate="2010-12-05 23:59:59.999 CET" ScheduledStartDate="2010-11-29 00:00:00.0 CET" Stale="false" TaskId="83" offlineSyncState="SYNCHRONIZED"/><Task Active="false" ConnectorKind="local" CreationDate="2010-11-10 02:49:36.564 CET" DueDate="" EndDate="" Estimated="0" Handle="local-15" IssueURL="" Kind="task" Label="Bien différencier données de vue" LastModified="now" MarkReadPending="false" ModificationDate="" Notes="La séléction d'un outil est donnée car sans panel c'est important pour actions&#13;&#10;point of view peut être différent entre vues (non panel ou renderer, autres renderers parallèle?)&#13;&#10;&#13;&#10;vraies données = mesh et actions analytiques" NotifiedIncoming="true" Owner="local" Priority="P3" Reminded="false" RepositoryUrl="local" ScheduledEndDate="2010-11-14 23:59:59.999 CET" ScheduledStartDate="2010-11-08 00:00:00.0 CET" Stale="false" TaskId="15" offlineSyncState="SYNCHRONIZED"/><Task Active="false" ConnectorKind="local" CreationDate="2010-12-01 21:15:39.544 CET" DueDate="" EndDate="" Estimated="0" Handle="local-91" IssueURL="" Kind="task" Label="Simplifier menu contextuel déproter tutorial, debug et check version dans About ou Sous menu de Tools" LastModified="now" MarkReadPending="false" ModificationDate="" Notes="" NotifiedIncoming="true" Owner="local" Priority="P3" Reminded="false" RepositoryUrl="local" ScheduledEndDate="2010-12-05 23:59:59.999 CET" ScheduledStartDate="2010-11-29 00:00:00.0 CET" Stale="false" TaskId="91" offlineSyncState="SYNCHRONIZED"/><Task Active="false" ConnectorKind="local" CreationDate="2010-12-23 13:01:45.181 CET" DueDate="" EndDate="" Estimated="0" Handle="local-116" IssueURL="" Kind="task" Label="enregistrement sur le market avec nom commercial" LastModified="now" MarkReadPending="false" ModificationDate="" Notes="" NotifiedIncoming="true" Owner="local" Priority="P3" Reminded="false" RepositoryUrl="local" ScheduledEndDate="2010-12-26 23:59:59.999 CET" ScheduledStartDate="2010-12-20 00:00:00.0 CET" Stale="false" TaskId="116" offlineSyncState="SYNCHRONIZED"/><Task Active="false" ConnectorKind="local" CreationDate="2010-11-23 00:40:30.976 CET" DueDate="" EndDate="" Estimated="0" Handle="local-52" IssueURL="" Kind="task" Label="tester présence GL11 et terminer si pas présent" LastModified="now" MarkReadPending="false" ModificationDate="" Notes="" NotifiedIncoming="true" Owner="local" Priority="P3" Reminded="false" RepositoryUrl="local" ScheduledEndDate="2010-11-28 23:59:59.999 CET" ScheduledStartDate="2010-11-22 00:00:00.0 CET" Stale="false" TaskId="52" offlineSyncState="SYNCHRONIZED"/><Task Active="false" ConnectorKind="local" CreationDate="2010-12-23 13:03:01.310 CET" DueDate="" EndDate="" Estimated="0" Handle="local-122" IssueURL="" Kind="task" Label="Sauvegarde dans base mySQL? historique des actions analytique et mesh de départ + mesh courant sauvegardé" LastModified="now" MarkReadPending="false" ModificationDate="" Notes="" NotifiedIncoming="true" Owner="local" Priority="P3" Reminded="false" RepositoryUrl="local" ScheduledEndDate="2010-12-26 23:59:59.999 CET" ScheduledStartDate="2010-12-20 00:00:00.0 CET" Stale="false" TaskId="122" offlineSyncState="SYNCHRONIZED"/><Task Active="false" ConnectorKind="local" CreationDate="2010-12-02 01:48:40.515 CET" DueDate="" EndDate="" Estimated="0" Handle="local-102" IssueURL="" Kind="task" Label="rajouter le concept de brosse dans les outils avec sélection facile avec screenshot" LastModified="now" MarkReadPending="false" ModificationDate="" Notes="" NotifiedIncoming="true" Owner="local" Priority="P3" Reminded="false" RepositoryUrl="local" ScheduledEndDate="2010-12-05 23:59:59.999 CET" ScheduledStartDate="2010-11-29 00:00:00.0 CET" Stale="false" TaskId="102" offlineSyncState="SYNCHRONIZED"/><Task Active="false" ConnectorKind="local" CreationDate="2010-12-01 21:21:42.425 CET" DueDate="" EndDate="" Estimated="0" Handle="local-94" IssueURL="" Kind="task" Label="Boite d'accueil avec création de nouveau modèle (file new) avec choix finesse modèle ou calculé suivant test performances" LastModified="now" MarkReadPending="false" ModificationDate="" Notes="" NotifiedIncoming="true" Owner="local" Priority="P3" Reminded="false" RepositoryUrl="local" ScheduledEndDate="2010-12-05 23:59:59.999 CET" ScheduledStartDate="2010-11-29 00:00:00.0 CET" Stale="false" TaskId="94" offlineSyncState="SYNCHRONIZED"/><Task Active="false" ConnectorKind="local" CreationDate="2011-01-05 22:36:45.533 CET" DueDate="" EndDate="" Estimated="0" Handle="local-128" Kind="task" Label="système pour empêcher une face d'en traverser une autre, détection de conflit et d'intersection plus résolution" LastModified="now" MarkReadPending="false" ModificationDate="" Notes="" NotifiedIncoming="true" Owner="local" Priority="P3" Reminded="false" RepositoryUrl="local" ScheduledEndDate="2011-01-09 23:59:59.999 CET" ScheduledStartDate="2011-01-03 00:00:00.0 CET" Stale="false" TaskId="128" offlineSyncState="SYNCHRONIZED"/><Task Active="false" ConnectorKind="local" CreationDate="2010-11-27 17:01:52.595 CET" DueDate="" EndDate="" Estimated="0" Handle="local-69" IssueURL="" Kind="task" Label="mode sculpt 3 étape, position vecteur , orientation vecteur réglable autre que normale, déplacement (intensité) à afficher et régler" LastModified="now" MarkReadPending="false" ModificationDate="" Notes="" NotifiedIncoming="true" Owner="local" Priority="P3" Reminded="false" RepositoryUrl="local" ScheduledEndDate="2010-11-28 23:59:59.999 CET" ScheduledStartDate="2010-11-22 00:00:00.0 CET" Stale="false" TaskId="69" offlineSyncState="SYNCHRONIZED"/><Task Active="false" ConnectorKind="local" CreationDate="2010-11-17 22:03:47.633 CET" DueDate="" EndDate="" Estimated="0" Handle="local-48" IssueURL="" Kind="task" Label="Update en background, ne pas afficher l'activité si à jour" LastModified="now" MarkReadPending="false" ModificationDate="" Notes="" NotifiedIncoming="true" Owner="local" Priority="P3" Reminded="false" RepositoryUrl="local" ScheduledEndDate="2010-11-21 23:59:59.999 CET" ScheduledStartDate="2010-11-15 00:00:00.0 CET" Stale="false" TaskId="48" offlineSyncState="SYNCHRONIZED"/><Task Active="false" ConnectorKind="local" CreationDate="2010-11-07 14:43:59.849 CET" DueDate="" EndDate="2010-11-24 02:45:56.420 CET" Estimated="0" Handle="local-10" IssueURL="" Kind="task" Label="raccourcis sur la vue principale pour les outils et la vue" LastModified="now" MarkReadPending="false" ModificationDate="" Notes="" NotifiedIncoming="true" Owner="local" Priority="P3" Reminded="false" RepositoryUrl="local" ScheduledEndDate="2010-11-07 23:59:59.999 CET" ScheduledStartDate="2010-11-01 00:00:00.0 CET" Stale="false" TaskId="10" offlineSyncState="SYNCHRONIZED"/><Task Active="false" ConnectorKind="local" CreationDate="2010-11-17 01:36:05.687 CET" DueDate="" EndDate="" Estimated="0" Handle="local-46" IssueURL="" Kind="task" Label="Profiling lors de l'utilisation des vecteurs, List..." LastModified="now" MarkReadPending="false" ModificationDate="" Notes="" NotifiedIncoming="true" Owner="local" Priority="P3" Reminded="false" RepositoryUrl="local" ScheduledEndDate="2010-11-21 23:59:59.999 CET" ScheduledStartDate="2010-11-15 00:00:00.0 CET" Stale="false" TaskId="46" offlineSyncState="SYNCHRONIZED"/><Task Active="false" ConnectorKind="local" CreationDate="2010-11-30 02:13:48.260 CET" DueDate="" EndDate="" Estimated="0" Handle="local-85" IssueURL="" Kind="task" Label="refaire la structure de données du mesh (en cache) pour optimiser les requetes (map) et faciliter l'update du bute array qui ne doit êtr qu'un produit et pas une donnée" LastModified="now" MarkReadPending="false" ModificationDate="" Notes="http://en.wikipedia.org/wiki/Polygon_mesh&#13;&#10;&#13;&#10;Winged-edge meshes&#13;&#10;Figure 4. Winged-edge meshes&#13;&#10;&#13;&#10;Introduced by Baumgart 1975, winged-edge meshes explicitly represent the vertices, faces, and edges of a mesh. This representation is widely used in modeling programs to provide the greatest flexibility in dynamically changing the mesh geometry, because split and merge operations can be done quickly. Their primary drawback is large storage requirements and increased complexity due to maintaining many indices. A good discussion of implementation issues of Winged-edge meshes may be found in the book Graphics Gems II.&#13;&#10;&#13;&#10;Winged-edge meshes address the issue of traversing from edge to edge, and providing an ordered set of faces around an edge. For any given edge, the number of outgoing edges may be arbitrary. To simplify this, winged-edge meshes provide only four, the nearest clockwise and counter-clockwise edges at each end. The other edges may be traversed incrementally. The information for each edge therefore resembles a butterfly, hence &quot;winged-edge&quot; meshes. Figure 4 shows the &quot;box-cylinder&quot; as a winged-edge mesh. The total data for an edge consists of 2 vertices (endpoints), 2 faces (on each side), and 4 edges (winged-edge).&#13;&#10;&#13;&#10;Rendering of winged-edge meshes for graphics hardware requires generating a Face index list. This is usually done only when the geometry changes. winged-edge meshes are ideally suited for dynamic geometry, such as subdivision surfaces and interactive modeling, since changes to the mesh can occur locally. Traversal across the mesh, as might be needed for collision detection, can be accomplished efficiently.&#13;&#10;&#13;&#10;See Baumgart (1975) for more details.[2]" NotifiedIncoming="true" Owner="local" Priority="P3" Reminded="false" RepositoryUrl="local" ScheduledEndDate="2010-12-05 23:59:59.999 CET" ScheduledStartDate="2010-11-29 00:00:00.0 CET" Stale="false" TaskId="85" offlineSyncState="SYNCHRONIZED"/><Task Active="false" ConnectorKind="local" CreationDate="2010-11-15 19:57:43.403 CET" DueDate="" EndDate="" Estimated="0" Handle="local-37" IssueURL="" Kind="task" Label="Utilisation d'un kdtree (balanced) avec autant d'object possibles ? pour picking et rendu et limitation en short des rendus" LastModified="now" MarkReadPending="false" ModificationDate="" Notes="" NotifiedIncoming="true" Owner="local" Priority="P3" Reminded="false" RepositoryUrl="local" ScheduledEndDate="2010-11-21 23:59:59.999 CET" ScheduledStartDate="2010-11-15 00:00:00.0 CET" Stale="false" TaskId="37" offlineSyncState="SYNCHRONIZED"/><Task Active="false" ConnectorKind="local" CreationDate="2010-12-22 23:38:30.526 CET" DueDate="" EndDate="" Estimated="0" Handle="local-114" IssueURL="" Kind="task" Label="aide html complète en une page, et aide interactive avec dialogbox" LastModified="now" MarkReadPending="false" ModificationDate="" Notes="" NotifiedIncoming="true" Owner="local" Priority="P3" Reminded="false" RepositoryUrl="local" ScheduledEndDate="2010-12-26 23:59:59.999 CET" ScheduledStartDate="2010-12-20 00:00:00.0 CET" Stale="false" TaskId="114" offlineSyncState="SYNCHRONIZED"/><Task Active="false" ConnectorKind="local" CreationDate="2010-11-16 20:51:55.939 CET" DueDate="" EndDate="" Estimated="0" Handle="local-38" IssueURL="" Kind="task" Label="retour haptique et son ?" LastModified="now" MarkReadPending="false" ModificationDate="" Notes="" NotifiedIncoming="true" Owner="local" Priority="P3" Reminded="false" RepositoryUrl="local" ScheduledEndDate="2010-11-21 23:59:59.999 CET" ScheduledStartDate="2010-11-15 00:00:00.0 CET" Stale="false" TaskId="38" offlineSyncState="SYNCHRONIZED"/><Task Active="false" ConnectorKind="local" CreationDate="2010-12-02 01:28:29.473 CET" DueDate="" EndDate="" Estimated="0" Handle="local-99" IssueURL="" Kind="task" Label="brushes à puissance dégressive et paramétrable" LastModified="now" MarkReadPending="false" ModificationDate="" Notes="" NotifiedIncoming="true" Owner="local" Priority="P3" Reminded="false" RepositoryUrl="local" ScheduledEndDate="2010-12-05 23:59:59.999 CET" ScheduledStartDate="2010-11-29 00:00:00.0 CET" Stale="false" TaskId="99" offlineSyncState="SYNCHRONIZED"/><Task Active="false" ConnectorKind="local" CreationDate="2010-11-17 01:09:44.741 CET" DueDate="" EndDate="" Estimated="0" Handle="local-45" IssueURL="" Kind="task" Label="threader ou queuer tous les appel au renderer GLView car pas dans même thread" LastModified="now" MarkReadPending="false" ModificationDate="" Notes="" NotifiedIncoming="true" Owner="local" Priority="P3" Reminded="false" RepositoryUrl="local" ScheduledEndDate="2010-11-21 23:59:59.999 CET" ScheduledStartDate="2010-11-15 00:00:00.0 CET" Stale="false" TaskId="45" offlineSyncState="SYNCHRONIZED"/><Task Active="false" ConnectorKind="local" CreationDate="2010-11-15 00:06:46.812 CET" DueDate="" EndDate="2010-11-24 02:46:51.370 CET" Estimated="0" Handle="local-33" IssueURL="" Kind="task" Label="flag pour utilisation des sensors pour économie batterie, car rendu à la demande sur changement de point de vue ou de géométrie uniquement" LastModified="now" MarkReadPending="false" ModificationDate="" Notes="" NotifiedIncoming="true" Owner="local" Priority="P3" Reminded="false" RepositoryUrl="local" ScheduledEndDate="2010-11-21 23:59:59.999 CET" ScheduledStartDate="2010-11-15 00:00:00.0 CET" Stale="false" TaskId="33" offlineSyncState="SYNCHRONIZED"/><Task Active="false" ConnectorKind="local" CreationDate="2010-11-23 22:08:28.691 CET" DueDate="" EndDate="2010-11-24 02:47:27.955 CET" Estimated="0" Handle="local-53" IssueURL="" Kind="task" Label="faire des barres de debug dans le paneau debug faciles à accéder pour tester des paramètres quelconques (entre 0 et 1)" LastModified="now" MarkReadPending="false" ModificationDate="" Notes="" NotifiedIncoming="true" Owner="local" Priority="P3" Reminded="false" RepositoryUrl="local" ScheduledEndDate="2010-11-28 23:59:59.999 CET" ScheduledStartDate="2010-11-22 00:00:00.0 CET" Stale="false" TaskId="53" offlineSyncState="SYNCHRONIZED"/><Task Active="false" ConnectorKind="local" CreationDate="2010-12-01 21:17:23.272 CET" DueDate="" EndDate="" Estimated="0" Handle="local-92" IssueURL="" Kind="task" Label="gestion correcte des sous modes de vue et de sculpture, peinture (pick)" LastModified="now" MarkReadPending="false" ModificationDate="" Notes="" NotifiedIncoming="true" Owner="local" Priority="P3" Reminded="false" RepositoryUrl="local" ScheduledEndDate="2010-12-05 23:59:59.999 CET" ScheduledStartDate="2010-11-29 00:00:00.0 CET" Stale="false" TaskId="92" offlineSyncState="SYNCHRONIZED"/><Task Active="false" ConnectorKind="local" CreationDate="2010-12-05 13:00:50.533 CET" DueDate="" EndDate="" Estimated="0" Handle="local-103" IssueURL="" Kind="task" Label="Rajouter mode de subdivision local (avec interpolation des normales), ou global avec cuts multiples sur un edge (réglable)" LastModified="now" MarkReadPending="false" ModificationDate="" Notes="" NotifiedIncoming="true" Owner="local" Priority="P3" Reminded="false" RepositoryUrl="local" ScheduledEndDate="2010-12-05 23:59:59.999 CET" ScheduledStartDate="2010-11-29 00:00:00.0 CET" Stale="false" TaskId="103" offlineSyncState="SYNCHRONIZED"/><Task Active="false" ConnectorKind="local" CreationDate="2010-12-23 13:02:49.303 CET" DueDate="" EndDate="" Estimated="0" Handle="local-121" IssueURL="" Kind="task" Label="Liste des most recently used, reprise automatique du denier en cours au redémarrage" LastModified="now" MarkReadPending="false" ModificationDate="" Notes="" NotifiedIncoming="true" Owner="local" Priority="P3" Reminded="false" RepositoryUrl="local" ScheduledEndDate="2010-12-26 23:59:59.999 CET" ScheduledStartDate="2010-12-20 00:00:00.0 CET" Stale="false" TaskId="121" offlineSyncState="SYNCHRONIZED"/><Task Active="false" ConnectorKind="local" CreationDate="2010-11-30 01:25:38.715 CET" DueDate="" EndDate="" Estimated="0" Handle="local-84" IssueURL="" Kind="task" Label="not a modeler, not faster nor better way todo, but fun and realistic" LastModified="now" MarkReadPending="false" ModificationDate="" Notes="" NotifiedIncoming="true" Owner="local" Priority="P3" Reminded="false" RepositoryUrl="local" ScheduledEndDate="2010-12-05 23:59:59.999 CET" ScheduledStartDate="2010-11-29 00:00:00.0 CET" Stale="false" TaskId="84" offlineSyncState="SYNCHRONIZED"/><Task Active="false" ConnectorKind="local" CreationDate="2010-11-07 17:35:36.818 CET" DueDate="" EndDate="2010-12-21 23:37:11.999 CET" Estimated="0" Handle="local-12" IssueURL="" Kind="task" Label="Usage statistics via analytics" LastModified="now" MarkReadPending="false" ModificationDate="" Notes="ping at install , at startup&#13;&#10;other stats about usage duration and number of clicks, tume spent on each activity?" NotifiedIncoming="true" Owner="local" Priority="P3" Reminded="false" RepositoryUrl="local" ScheduledEndDate="2010-11-07 23:59:59.999 CET" ScheduledStartDate="2010-11-01 00:00:00.0 CET" Stale="false" TaskId="12" offlineSyncState="SYNCHRONIZED"/><Task Active="false" ConnectorKind="local" CreationDate="2010-11-26 00:47:21.185 CET" DueDate="" EndDate="2010-11-30 21:39:06.389 CET" Estimated="0" Handle="local-65" IssueURL="" Kind="task" Label="rajouter éclarirage/textures et mode peinture" LastModified="now" MarkReadPending="false" ModificationDate="" Notes="" NotifiedIncoming="true" Owner="local" Priority="P3" Reminded="false" RepositoryUrl="local" ScheduledEndDate="2010-11-28 23:59:59.999 CET" ScheduledStartDate="2010-11-22 00:00:00.0 CET" Stale="false" TaskId="65" offlineSyncState="SYNCHRONIZED"/><Task Active="false" ConnectorKind="local" CreationDate="2010-11-17 22:59:04.716 CET" DueDate="" EndDate="2010-11-30 21:37:47.677 CET" Estimated="0" Handle="local-49" IssueURL="" Kind="task" Label="réaliser des captures et des vidéos via glreadpixels" LastModified="now" MarkReadPending="false" ModificationDate="" Notes="Bitmap.CompressFormat " NotifiedIncoming="true" Owner="local" Priority="P3" Reminded="false" RepositoryUrl="local" ScheduledEndDate="2010-11-21 23:59:59.999 CET" ScheduledStartDate="2010-11-15 00:00:00.0 CET" Stale="false" TaskId="49" offlineSyncState="SYNCHRONIZED"/><Task Active="false" ConnectorKind="local" CreationDate="2010-12-22 21:37:28.448 CET" DueDate="" EndDate="" Estimated="0" Handle="local-109" IssueURL="" Kind="task" Label="option pour fullscreen ou non" LastModified="now" MarkReadPending="false" ModificationDate="" Notes="" NotifiedIncoming="true" Owner="local" Priority="P3" Reminded="false" RepositoryUrl="local" ScheduledEndDate="2010-12-26 23:59:59.999 CET" ScheduledStartDate="2010-12-20 00:00:00.0 CET" Stale="false" TaskId="109" offlineSyncState="SYNCHRONIZED"/><Task Active="false" ConnectorKind="local" CreationDate="2010-12-21 23:36:37.397 CET" DueDate="" EndDate="" Estimated="0" Handle="local-108" IssueURL="" Kind="task" Label="ergonomie de sketchbook, notion de layer, sauvegarder/exporter, et choix des outils, utilisation des coins" LastModified="now" MarkReadPending="false" ModificationDate="" Notes="" NotifiedIncoming="true" Owner="local" Priority="P3" Reminded="false" RepositoryUrl="local" ScheduledEndDate="2010-12-26 23:59:59.999 CET" ScheduledStartDate="2010-12-20 00:00:00.0 CET" Stale="false" TaskId="108" offlineSyncState="SYNCHRONIZED"/><Task Active="false" ConnectorKind="local" CreationDate="2010-11-17 23:49:46.414 CET" DueDate="" EndDate="" Estimated="0" Handle="local-50" IssueURL="" Kind="task" Label="Faire un thread de logique, de rendu, d'activité" LastModified="now" MarkReadPending="false" ModificationDate="" Notes="" NotifiedIncoming="true" Owner="local" Priority="P3" Reminded="false" RepositoryUrl="local" ScheduledEndDate="2010-11-21 23:59:59.999 CET" ScheduledStartDate="2010-11-15 00:00:00.0 CET" Stale="false" TaskId="50" offlineSyncState="SYNCHRONIZED"/><Task Active="false" ConnectorKind="local" CreationDate="2010-12-22 23:36:41.991 CET" DueDate="" EndDate="" Estimated="0" Handle="local-110" IssueURL="" Kind="task" Label="offsetted painting pour ne pas cacher avec son doigt" LastModified="now" MarkReadPending="false" ModificationDate="" Notes="" NotifiedIncoming="true" Owner="local" Priority="P3" Reminded="false" RepositoryUrl="local" ScheduledEndDate="2010-12-26 23:59:59.999 CET" ScheduledStartDate="2010-12-20 00:00:00.0 CET" Stale="false" TaskId="110" offlineSyncState="SYNCHRONIZED"/><Task Active="false" ConnectorKind="local" CreationDate="2010-11-26 01:15:38.589 CET" DueDate="" EndDate="" Estimated="0" Handle="local-66" IssueURL="" Kind="task" Label="pinceau pour faire de la transparence en plus de la couleur ?" LastModified="now" MarkReadPending="false" ModificationDate="" Notes="" NotifiedIncoming="true" Owner="local" Priority="P3" Reminded="false" RepositoryUrl="local" ScheduledEndDate="2010-11-28 23:59:59.999 CET" ScheduledStartDate="2010-11-22 00:00:00.0 CET" Stale="false" TaskId="66" offlineSyncState="SYNCHRONIZED"/><Task Active="false" ConnectorKind="local" CreationDate="2010-12-01 21:19:14.145 CET" DueDate="" EndDate="" Estimated="0" Handle="local-93" IssueURL="" Kind="task" Label="Ranger et catégorise le menu tools (sections collapsables?)" LastModified="now" MarkReadPending="false" ModificationDate="" Notes="" NotifiedIncoming="true" Owner="local" Priority="P3" Reminded="false" RepositoryUrl="local" ScheduledEndDate="2010-12-05 23:59:59.999 CET" ScheduledStartDate="2010-11-29 00:00:00.0 CET" Stale="false" TaskId="93" offlineSyncState="SYNCHRONIZED"/><Task Active="false" ConnectorKind="local" CreationDate="2010-11-07 11:59:15.855 CET" DueDate="" EndDate="2010-11-10 02:52:55.53 CET" Estimated="0" Handle="local-5" IssueURL="" Kind="task" Label="no title bar theme" LastModified="now" MarkReadPending="false" ModificationDate="" Notes="more room" NotifiedIncoming="true" Owner="local" Priority="P3" Reminded="false" RepositoryUrl="local" ScheduledEndDate="2010-11-07 23:59:59.999 CET" ScheduledStartDate="2010-11-01 00:00:00.0 CET" Stale="false" TaskId="5" offlineSyncState="SYNCHRONIZED"/><Task Active="false" ConnectorKind="local" CreationDate="2010-11-16 23:16:21.575 CET" DueDate="" EndDate="2010-11-17 21:06:48.828 CET" Estimated="0" Handle="local-43" IssueURL="" Kind="task" Label="thread long object creation at startup" LastModified="now" MarkReadPending="false" ModificationDate="" Notes="" NotifiedIncoming="true" Owner="local" Priority="P3" Reminded="false" RepositoryUrl="local" ScheduledEndDate="2010-11-21 23:59:59.999 CET" ScheduledStartDate="2010-11-15 00:00:00.0 CET" Stale="false" TaskId="43" offlineSyncState="SYNCHRONIZED"/><Task Active="false" ConnectorKind="local" CreationDate="2010-11-16 22:14:03.250 CET" DueDate="" EndDate="2010-11-16 22:14:11.729 CET" Estimated="0" Handle="local-39" IssueURL="" Kind="task" Label="Rajouter themes et styles" LastModified="now" MarkReadPending="false" ModificationDate="" Notes="" NotifiedIncoming="true" Owner="local" Priority="P3" Reminded="false" RepositoryUrl="local" ScheduledEndDate="2010-11-21 23:59:59.999 CET" ScheduledStartDate="2010-11-15 00:00:00.0 CET" Stale="false" TaskId="39" offlineSyncState="SYNCHRONIZED"/><Task Active="false" ConnectorKind="local" CreationDate="2010-11-17 00:36:45.151 CET" DueDate="" EndDate="" Estimated="0" Handle="local-44" IssueURL="" Kind="task" Label="interruptible thread pour mesh si changement avis" LastModified="now" MarkReadPending="false" ModificationDate="" Notes="" NotifiedIncoming="true" Owner="local" Priority="P3" Reminded="false" RepositoryUrl="local" ScheduledEndDate="2010-11-21 23:59:59.999 CET" ScheduledStartDate="2010-11-15 00:00:00.0 CET" Stale="false" TaskId="44" offlineSyncState="SYNCHRONIZED"/><Task Active="false" ConnectorKind="local" CreationDate="2010-11-15 01:02:32.404 CET" DueDate="" EndDate="2010-11-24 20:59:47.350 CET" Estimated="0" Handle="local-34" IssueURL="" Kind="task" Label="Utiliser fonction openGl de calcul distnac,e vecteur,... au lieu de mes macros" LastModified="now" MarkReadPending="false" ModificationDate="" Notes="" NotifiedIncoming="true" Owner="local" Priority="P3" Reminded="false" RepositoryUrl="local" ScheduledEndDate="2010-11-21 23:59:59.999 CET" ScheduledStartDate="2010-11-15 00:00:00.0 CET" Stale="false" TaskId="34" offlineSyncState="SYNCHRONIZED"/><Task Active="false" ConnectorKind="local" CreationDate="2010-12-22 23:38:03.474 CET" DueDate="" EndDate="" Estimated="0" Handle="local-113" IssueURL="" Kind="task" Label="bouton overlay pour tools avec réglage intuitif (pas de seekbar) façon sketchbook" LastModified="now" MarkReadPending="false" ModificationDate="" Notes="" NotifiedIncoming="true" Owner="local" Priority="P3" Reminded="false" RepositoryUrl="local" ScheduledEndDate="2010-12-26 23:59:59.999 CET" ScheduledStartDate="2010-12-20 00:00:00.0 CET" Stale="false" TaskId="113" offlineSyncState="SYNCHRONIZED"/><TaskCategory Handle="Uncategorized" Name="Uncategorized"><TaskReference Handle="local-71"/><TaskReference Handle="local-6"/><TaskReference Handle="local-19"/><TaskReference Handle="local-16"/><TaskReference Handle="local-58"/><TaskReference Handle="local-11"/><TaskReference Handle="local-67"/><TaskReference Handle="local-32"/><TaskReference Handle="local-35"/><TaskReference Handle="local-126"/><TaskReference Handle="local-107"/><TaskReference Handle="local-119"/><TaskReference Handle="local-31"/><TaskReference Handle="local-20"/><TaskReference Handle="local-87"/><TaskReference Handle="local-112"/><TaskReference Handle="local-14"/><TaskReference Handle="local-51"/><TaskReference Handle="local-72"/><TaskReference Handle="local-90"/><TaskReference Handle="local-7"/><TaskReference Handle="local-86"/><TaskReference Handle="local-57"/><TaskReference Handle="local-36"/><TaskReference Handle="local-42"/><TaskReference Handle="local-79"/><TaskReference Handle="local-106"/><TaskReference Handle="local-26"/><TaskReference Handle="local-89"/><TaskReference Handle="local-74"/><TaskReference Handle="local-80"/><TaskReference Handle="local-13"/><TaskReference Handle="local-111"/><TaskReference Handle="local-22"/><TaskReference Handle="local-8"/><TaskReference Handle="local-4"/><TaskReference Handle="local-17"/><TaskReference Handle="local-30"/><TaskReference Handle="local-64"/><TaskReference Handle="local-105"/><TaskReference Handle="local-118"/><TaskReference Handle="local-95"/><TaskReference Handle="local-56"/><TaskReference Handle="local-18"/><TaskReference Handle="local-3"/><TaskReference Handle="local-9"/><TaskReference Handle="local-73"/><TaskReference Handle="local-23"/><TaskReference Handle="local-125"/><TaskReference Handle="local-76"/><TaskReference Handle="local-41"/><TaskReference Handle="local-81"/><TaskReference Handle="local-117"/><TaskReference Handle="local-55"/><TaskReference Handle="local-88"/><TaskReference Handle="local-40"/><TaskReference Handle="local-96"/><TaskReference Handle="local-2"/><TaskReference Handle="local-27"/><TaskReference Handle="local-77"/><TaskReference Handle="local-61"/><TaskReference Handle="local-124"/><TaskReference Handle="local-28"/><TaskReference Handle="local-104"/><TaskReference Handle="local-24"/><TaskReference Handle="local-62"/><TaskReference Handle="local-21"/><TaskReference Handle="local-54"/><TaskReference Handle="local-78"/><TaskReference Handle="local-59"/><TaskReference Handle="local-60"/><TaskReference Handle="local-100"/><TaskReference Handle="local-97"/><TaskReference Handle="local-120"/><TaskReference Handle="local-82"/><TaskReference Handle="local-47"/><TaskReference Handle="local-63"/><TaskReference Handle="local-75"/><TaskReference Handle="local-98"/><TaskReference Handle="local-123"/><TaskReference Handle="local-25"/><TaskReference Handle="local-29"/><TaskReference Handle="local-115"/><TaskReference Handle="local-68"/><TaskReference Handle="local-70"/><TaskReference Handle="local-83"/><TaskReference Handle="local-101"/><TaskReference Handle="local-15"/><TaskReference Handle="local-91"/><TaskReference Handle="local-122"/><TaskReference Handle="local-52"/><TaskReference Handle="local-116"/><TaskReference Handle="local-102"/><TaskReference Handle="local-94"/><TaskReference Handle="local-46"/><TaskReference Handle="local-10"/><TaskReference Handle="local-48"/><TaskReference Handle="local-69"/><TaskReference Handle="local-85"/><TaskReference Handle="local-37"/><TaskReference Handle="local-114"/><TaskReference Handle="local-38"/><TaskReference Handle="local-99"/><TaskReference Handle="local-45"/><TaskReference Handle="local-33"/><TaskReference Handle="local-53"/><TaskReference Handle="local-92"/><TaskReference Handle="local-121"/><TaskReference Handle="local-103"/><TaskReference Handle="local-84"/><TaskReference Handle="local-12"/><TaskReference Handle="local-65"/><TaskReference Handle="local-49"/><TaskReference Handle="local-109"/><TaskReference Handle="local-108"/><TaskReference Handle="local-50"/><TaskReference Handle="local-93"/><TaskReference Handle="local-66"/><TaskReference Handle="local-110"/><TaskReference Handle="local-5"/><TaskReference Handle="local-39"/><TaskReference Handle="local-43"/><TaskReference Handle="local-34"/><TaskReference Handle="local-44"/><TaskReference Handle="local-113"/><TaskReference Handle="local-127"/><TaskReference Handle="local-128"/></TaskCategory></TaskList>